{"_runtime":26317,"_timestamp":1.7652232607481267e+09,"val_loss":0,"_step":49,"_wandb":{"runtime":26317},"val_acc":0.9323671497584541,"epoch":49,"train_loss":0.04625280573964119,"train_acc":0.9939613526570048}