{"_wandb":{"runtime":7745},"epoch":49,"val_loss":0,"_timestamp":1.7649131076428213e+09,"_step":49,"val_acc":0.8148148148148148,"train_loss":0.0735405683517456,"train_acc":1,"_runtime":7745}