{"_wandb":{"runtime":7863},"train_acc":1,"train_loss":0.0737856775522232,"_runtime":7863,"val_acc":0.7884615384615384,"_step":49,"epoch":49,"_timestamp":1.7649286877435014e+09,"val_loss":0}