{"epoch":49,"val_loss":0,"train_loss":0.07479953020811081,"_wandb":{"runtime":7711},"_step":49,"_runtime":7711,"val_acc":0.7777777777777778,"train_acc":0.9975961538461539,"_timestamp":1.7649208226336682e+09}