{"_runtime":7766,"_step":49,"_wandb":{"runtime":7766},"train_loss":0.07438348978757858,"val_acc":0.7254901960784313,"epoch":49,"val_loss":0,"_timestamp":1.7649364562333179e+09,"train_acc":0.9976851851851852}